<?xml version="1.0" encoding="UTF-8"?>
<project-private xmlns="http://www.netbeans.org/ns/project-private/1">
    <editor-bookmarks xmlns="http://www.netbeans.org/ns/editor-bookmarks/2" lastBookmarkId="0"/>
    <open-files xmlns="http://www.netbeans.org/ns/projectui-open-files/2">
        <group>
            <file>file:/C:/Users/Usuario%20prueba/Desktop/DIGITAL%202/LABORATORIOS/LAB02/POSTLAB_02/POSTLAB_2.X/UASART_LIB.c</file>
            <file>file:/C:/Users/Usuario%20prueba/Desktop/DIGITAL%202/LABORATORIOS/LAB02/POSTLAB_02/POSTLAB_2.X/MAIN_POSTLAB2.c</file>
            <file>file:/C:/Users/Usuario%20prueba/Desktop/DIGITAL%202/LABORATORIOS/LAB02/POSTLAB_02/POSTLAB_2.X/UASART_LIB.h</file>
        </group>
    </open-files>
</project-private>
